timestamp,project_name,run_id,duration,emissions,emissions_rate,cpu_power,gpu_power,ram_power,cpu_energy,gpu_energy,ram_energy,energy_consumed,country_name,country_iso_code,region,cloud_provider,cloud_region,os,python_version,codecarbon_version,cpu_count,cpu_model,gpu_count,gpu_model,longitude,latitude,ram_total_size,tracking_mode,on_cloud,pue
2023-08-14T15:26:01,codecarbon,109c1835-a791-42d1-a5f5-97fa6af9a202,0.0573837757110595,2.6171700032584856e-07,4.560818752039836e-06,42.5,0.0,5.788846492767334,6.763974825541178e-07,0,9.156498252991697e-08,7.679624650840348e-07,Italy,ITA,campania,,,Linux-6.1.44-1-MANJARO-x86_64-with-glibc2.38,3.11.3,2.3.0,8,Intel(R) Core(TM) i5-8365U CPU @ 1.60GHz,,,14.2385,40.867,15.43692398071289,machine,N,1.0
2023-08-14T15:42:01,codecarbon,74a0e7dc-9cbb-427c-801a-7ad6d269a0bd,0.024820327758789,1.127455724428487e-07,4.542469122025374e-06,42.5,0.0,5.788846492767334,2.917483448982239e-07,0,3.908368982905586e-08,3.3083203472727977e-07,Italy,ITA,,,,Linux-6.1.44-1-MANJARO-x86_64-with-glibc2.38,3.11.3,2.3.0,8,Intel(R) Core(TM) i5-8365U CPU @ 1.60GHz,,,,,15.43692398071289,machine,N,1.0
2023-08-28T09:58:32,codecarbon,e2399682-d469-4537-8cc2-e5722aec6fd6,0.0480062961578369,2.182681101730805e-07,4.546655910621606e-06,42.5,0.0,5.788846492767334,5.643879373868307e-07,0,7.608140823862186e-08,6.404693456254525e-07,Italy,ITA,,,,Linux-6.1.44-1-MANJARO-x86_64-with-glibc2.38,3.11.3,2.3.0,8,Intel(R) Core(TM) i5-8365U CPU @ 1.60GHz,,,,,15.43692398071289,machine,N,1.0
2023-08-28T10:00:07,codecarbon,bf5c2601-d674-43ce-8e5c-596d61afa354,0.0381357669830322,1.736147574143284e-07,4.552544006564098e-06,42.5,0.0,5.788846492767334,4.491021235783895e-07,0,6.033981910348985e-08,5.094419426818794e-07,Italy,ITA,,,,Linux-6.1.44-1-MANJARO-x86_64-with-glibc2.38,3.11.3,2.3.0,8,Intel(R) Core(TM) i5-8365U CPU @ 1.60GHz,,,,,15.43692398071289,machine,N,1.0
2023-08-28T10:09:01,codecarbon,31446033-8739-4842-964b-4e11e85951ea,0.0299177169799804,1.359102461819215e-07,4.542801386645453e-06,42.5,0.0,5.788846492767334,3.51593726211124e-07,0,4.721096571984162e-08,3.988046919309656e-07,Italy,ITA,,,,Linux-6.1.44-1-MANJARO-x86_64-with-glibc2.38,3.11.3,2.3.0,8,Intel(R) Core(TM) i5-8365U CPU @ 1.60GHz,,,,,15.43692398071289,machine,N,1.0
2023-08-28T10:09:14,codecarbon,c314c34c-0ee1-4e87-a53a-ec45f341473e,0.0529043674468994,2.409267271209033e-07,4.554004494292907e-06,42.5,0.0,5.788846492767334,6.227978401713902e-07,0,8.415922808950426e-08,7.069570682608945e-07,Italy,ITA,,,,Linux-6.1.44-1-MANJARO-x86_64-with-glibc2.38,3.11.3,2.3.0,8,Intel(R) Core(TM) i5-8365U CPU @ 1.60GHz,,,,,15.43692398071289,machine,N,1.0
2023-08-28T10:09:26,codecarbon,26b12bf6-a884-4aa1-b8e1-6725d046ba60,0.016305923461914,7.358281213329291e-08,4.512643046875644e-06,42.5,0.0,5.788846492767334,1.9070472982194688e-07,0,2.5211078946085772e-08,2.1591580876803265e-07,Italy,ITA,,,,Linux-6.1.44-1-MANJARO-x86_64-with-glibc2.38,3.11.3,2.3.0,8,Intel(R) Core(TM) i5-8365U CPU @ 1.60GHz,,,,,15.43692398071289,machine,N,1.0
2023-08-28T10:11:07,codecarbon,399c7291-0d3c-4941-9e97-f7dd56fd62aa,0.0176453590393066,7.98806724332255e-08,4.527007484250337e-06,42.5,0.0,5.788846492767334,2.069706718126933e-07,0,2.7425099337108364e-08,2.343957711498017e-07,Italy,ITA,,,,Linux-6.1.44-1-MANJARO-x86_64-with-glibc2.38,3.11.3,2.3.0,8,Intel(R) Core(TM) i5-8365U CPU @ 1.60GHz,,,,,15.43692398071289,machine,N,1.0
2023-08-28T10:11:19,codecarbon,c4b17c26-ba3e-4298-a19f-c9804f0b2154,0.0316262245178222,1.4374211558500546e-07,4.545029252669814e-06,42.5,0.0,5.788846492767334,3.716819816165501e-07,0,5.0103952364111136e-08,4.217859339806612e-07,Italy,ITA,,,,Linux-6.1.44-1-MANJARO-x86_64-with-glibc2.38,3.11.3,2.3.0,8,Intel(R) Core(TM) i5-8365U CPU @ 1.60GHz,,,,,15.43692398071289,machine,N,1.0
2023-08-28T10:11:29,codecarbon,05aeaa22-6a01-4a96-b976-abd4d4e9d8ab,0.0585100650787353,2.663224697608684e-07,4.551737712177993e-06,42.5,0.0,5.788846492767334,6.88765115208096e-07,0,9.271128919124293e-08,7.81476404399339e-07,Italy,ITA,,,,Linux-6.1.44-1-MANJARO-x86_64-with-glibc2.38,3.11.3,2.3.0,8,Intel(R) Core(TM) i5-8365U CPU @ 1.60GHz,,,,,15.43692398071289,machine,N,1.0
2023-08-28T10:14:17,codecarbon,9a5b6d8c-9cfd-4c5f-a7c5-61b340be8478,0.0198876857757568,9.021798330876985e-08,4.536374132517011e-06,42.5,0.0,5.788846492767334,2.3374093903435602e-07,0,3.0987851110921844e-08,2.647287901452779e-07,Italy,ITA,,,,Linux-6.1.44-1-MANJARO-x86_64-with-glibc2.38,3.11.3,2.3.0,8,Intel(R) Core(TM) i5-8365U CPU @ 1.60GHz,,,,,15.43692398071289,machine,N,1.0
2023-08-28T10:16:50,codecarbon,1d99d90d-7cdd-40f0-bbc4-ef50f409affa,0.050588846206665,2.3045973563307026e-07,4.555544411738479e-06,42.5,0.0,5.788846492767334,5.958418051401775e-07,0,8.040171919731166e-08,6.762435243374892e-07,Italy,ITA,,,,Linux-6.1.44-1-MANJARO-x86_64-with-glibc2.38,3.11.3,2.3.0,8,Intel(R) Core(TM) i5-8365U CPU @ 1.60GHz,,,,,15.43692398071289,machine,N,1.0
2023-08-28T10:17:27,codecarbon,18557b87-4a23-4730-a662-11cd9302279e,0.0353050231933593,1.607963558636035e-07,4.554489455592487e-06,42.5,0.0,5.788846492767334,4.157765044106378e-07,0,5.605209545791467e-08,4.718285998685525e-07,Italy,ITA,,,,Linux-6.1.44-1-MANJARO-x86_64-with-glibc2.38,3.11.3,2.3.0,8,Intel(R) Core(TM) i5-8365U CPU @ 1.60GHz,,,,,15.43692398071289,machine,N,1.0
2023-08-28T10:24:35,codecarbon,3b0200fe-97bf-404b-aac0-f445a1f69e3a,0.0199630260467529,9.058694514745782e-08,4.537736159603527e-06,42.5,0.0,5.788846492767334,2.345149715741477e-07,0,3.1296472135124985e-08,2.6581144370927253e-07,Italy,ITA,,,,Linux-6.1.44-1-MANJARO-x86_64-with-glibc2.38,3.11.3,2.3.0,8,Intel(R) Core(TM) i5-8365U CPU @ 1.60GHz,,,,,15.43692398071289,machine,N,1.0
2023-08-28T10:24:50,codecarbon,b2a21b57-124d-4cf0-823f-c2bdd78deeb9,0.0213217735290527,9.630015878796972e-08,4.516517289556263e-06,42.5,0.0,5.788846492767334,2.496212720870972e-07,0,3.295459130242762e-08,2.8257586338952484e-07,Italy,ITA,,,,Linux-6.1.44-1-MANJARO-x86_64-with-glibc2.38,3.11.3,2.3.0,8,Intel(R) Core(TM) i5-8365U CPU @ 1.60GHz,,,,,15.43692398071289,machine,N,1.0
2023-08-28T10:25:38,codecarbon,5dbb9b91-2bdd-42e6-af18-ca26aab90a38,0.0353901386260986,1.6083328023333892e-07,4.544578983783116e-06,42.5,0.0,5.788846492767334,4.160945614178976e-07,0,5.584238651351825e-08,4.719369479314158e-07,Italy,ITA,,,,Linux-6.1.44-1-MANJARO-x86_64-with-glibc2.38,3.11.3,2.3.0,8,Intel(R) Core(TM) i5-8365U CPU @ 1.60GHz,,,,,15.43692398071289,machine,N,1.0
2023-08-28T10:42:56,codecarbon,d2d647bc-1c1a-4d37-b45c-939710b9e57f,0.0649497509002685,2.960605844735895e-07,4.558302077681491e-06,42.5,0.0,5.788846492767334,7.651832368638781e-07,0,1.0355443009501642e-07,8.687376669588945e-07,Italy,ITA,,,,Linux-6.1.44-1-MANJARO-x86_64-with-glibc2.38,3.11.3,2.3.0,8,Intel(R) Core(TM) i5-8365U CPU @ 1.60GHz,,,,,15.43692398071289,machine,N,1.0
2023-08-28T10:43:08,codecarbon,2f8c0b7c-9745-4ad0-9a0c-1dabcf27e61a,0.6206753253936768,2.83639601466676e-06,4.569854638361392e-06,42.5,0.0,5.788846492767334,7.325764828258091e-06,0,9.971399607545097e-07,8.3229047890126e-06,Italy,ITA,,,,Linux-6.1.44-1-MANJARO-x86_64-with-glibc2.38,3.11.3,2.3.0,8,Intel(R) Core(TM) i5-8365U CPU @ 1.60GHz,,,,,15.43692398071289,machine,N,1.0
2023-08-28T10:44:07,codecarbon,9b3f281c-da8e-4bed-859a-d432e04f56dd,0.6039409637451172,2.7596781911140587e-06,4.569450255536455e-06,42.5,0.0,5.788846492767334,7.127722269958921e-06,0,9.700675711593477e-07,8.097789841118267e-06,Italy,ITA,,,,Linux-6.1.44-1-MANJARO-x86_64-with-glibc2.38,3.11.3,2.3.0,8,Intel(R) Core(TM) i5-8365U CPU @ 1.60GHz,,,,,15.43692398071289,machine,N,1.0
2023-08-28T10:45:11,codecarbon,b0c21149-e05f-459f-bd76-a77d4fbe2589,0.1083757877349853,4.943334243611682e-07,4.5612902539631535e-06,42.5,0.0,5.788846492767334,1.277477376990848e-06,0,1.730570348860283e-07,1.4505344118768764e-06,Italy,ITA,,,,Linux-6.1.44-1-MANJARO-x86_64-with-glibc2.38,3.11.3,2.3.0,8,Intel(R) Core(TM) i5-8365U CPU @ 1.60GHz,,,,,15.43692398071289,machine,N,1.0
2023-08-28T10:46:04,codecarbon,84f0eef3-72a4-4286-b566-f92393435ae2,0.848029375076294,3.874822886239692e-06,4.569208331835308e-06,42.5,0.0,5.788846492767334,1.000784668657515e-05,0,1.362138953546719e-06,1.1369985640121869e-05,Italy,ITA,,,,Linux-6.1.44-1-MANJARO-x86_64-with-glibc2.38,3.11.3,2.3.0,8,Intel(R) Core(TM) i5-8365U CPU @ 1.60GHz,,,,,15.43692398071289,machine,N,1.0
2023-08-28T10:46:57,codecarbon,bde27012-adae-44c4-b723-cc253626ce17,0.5789551734924316,2.644687523679706e-06,4.568035047905619e-06,42.5,0.0,5.788846492767334,6.830854051642948e-06,0,9.295159187195168e-07,7.760369970362465e-06,Italy,ITA,,,,Linux-6.1.44-1-MANJARO-x86_64-with-glibc2.38,3.11.3,2.3.0,8,Intel(R) Core(TM) i5-8365U CPU @ 1.60GHz,,,,,15.43692398071289,machine,N,1.0
2023-08-28T10:47:22,codecarbon,d9b873c0-bbb4-4bbf-b65f-f2a626f912dd,0.5496377944946289,2.5116059473502904e-06,4.569565580292048e-06,42.5,0.0,5.788846492767334,6.487152642673917e-06,0,8.827128694838393e-07,7.369865512157756e-06,Italy,ITA,,,,Linux-6.1.44-1-MANJARO-x86_64-with-glibc2.38,3.11.3,2.3.0,8,Intel(R) Core(TM) i5-8365U CPU @ 1.60GHz,,,,,15.43692398071289,machine,N,1.0
2023-08-28T10:47:41,codecarbon,42c0dc01-3552-4c02-abf1-dec74c415466,0.6903676986694336,3.1546883201913664e-06,4.5695769461281166e-06,42.5,0.0,5.788846492767334,8.148555788728926e-06,0,1.108321739019118e-06,9.256877527748043e-06,Italy,ITA,,,,Linux-6.1.44-1-MANJARO-x86_64-with-glibc2.38,3.11.3,2.3.0,8,Intel(R) Core(TM) i5-8365U CPU @ 1.60GHz,,,,,15.43692398071289,machine,N,1.0
2023-08-28T10:48:14,codecarbon,28c10c0c-1e7a-45e3-8f0e-8f6c178610ef,0.6161580085754395,2.8149122256118662e-06,4.568490852078605e-06,42.5,0.0,5.788846492767334,7.270467943615384e-06,0,9.893964483981676e-07,8.259864392013552e-06,Italy,ITA,,,,Linux-6.1.44-1-MANJARO-x86_64-with-glibc2.38,3.11.3,2.3.0,8,Intel(R) Core(TM) i5-8365U CPU @ 1.60GHz,,,,,15.43692398071289,machine,N,1.0
2023-08-28T10:48:30,codecarbon,db13f998-ede8-4e4b-b4dc-9b2e96260d0a,0.5980145931243896,2.731915964509087e-06,4.568309863871226e-06,42.5,0.0,5.788846492767334,7.056156628661686e-06,0,9.601698457160523e-07,8.016326474377738e-06,Italy,ITA,,,,Linux-6.1.44-1-MANJARO-x86_64-with-glibc2.38,3.11.3,2.3.0,8,Intel(R) Core(TM) i5-8365U CPU @ 1.60GHz,,,,,15.43692398071289,machine,N,1.0
2023-08-28T10:48:57,codecarbon,acc123bd-1b56-480b-aca1-1d5695eeaf2a,0.7593369483947754,3.4691243654966435e-06,4.568623155807589e-06,42.5,0.0,5.788846492767334,8.960093723403085e-06,0,1.2194410263185772e-06,1.017953474972166e-05,Italy,ITA,,,,Linux-6.1.44-1-MANJARO-x86_64-with-glibc2.38,3.11.3,2.3.0,8,Intel(R) Core(TM) i5-8365U CPU @ 1.60GHz,,,,,15.43692398071289,machine,N,1.0
2023-08-31T08:32:06,codecarbon,68bd3704-da33-4047-8ecc-3fe4475d1fa9,0.7826483249664307,3.575793099180154e-06,4.568837605745245e-06,42.5,0.0,5.78884220123291,9.23549450106091e-06,0,1.2570408698087476e-06,1.0492535370869658e-05,Italy,ITA,,,,Linux-6.1.49-1-MANJARO-x86_64-with-glibc2.38,3.11.3,2.3.0,8,Intel(R) Core(TM) i5-8365U CPU @ 1.60GHz,,,,,15.436912536621094,machine,N,1.0
2023-08-31T08:34:39,codecarbon,7c2b8674-77c0-434d-a6b7-2cac2bd8a355,0.3394215106964111,1.5492522279138742e-06,4.564390231883601e-06,42.5,0.0,5.78884220123291,4.001942442523109e-06,0,5.440654916361609e-07,4.54600793415927e-06,Italy,ITA,,,,Linux-6.1.49-1-MANJARO-x86_64-with-glibc2.38,3.11.3,2.3.0,8,Intel(R) Core(TM) i5-8365U CPU @ 1.60GHz,,,,,15.436912536621094,machine,N,1.0
2023-08-31T08:39:18,codecarbon,1e8322f4-e79a-4dd0-a322-8e0ff9c6164c,0.2411589622497558,1.1004350100319925e-06,4.5631105714094455e-06,42.5,0.0,5.78884220123291,2.842830121517182e-06,0,3.862026960558752e-07,3.229032817573057e-06,Italy,ITA,,,,Linux-6.1.49-1-MANJARO-x86_64-with-glibc2.38,3.11.3,2.3.0,8,Intel(R) Core(TM) i5-8365U CPU @ 1.60GHz,,,,,15.436912536621094,machine,N,1.0
2023-08-31T08:40:52,codecarbon,a34d0223-3719-443a-8ee3-b8dd156ffe65,0.1174912452697753,5.360606610647435e-07,4.562558340699151e-06,42.5,0.0,5.78884220123291,1.3850481973754036e-06,0,1.879274449913737e-07,1.5729756423667773e-06,Italy,ITA,,,,Linux-6.1.49-1-MANJARO-x86_64-with-glibc2.38,3.11.3,2.3.0,8,Intel(R) Core(TM) i5-8365U CPU @ 1.60GHz,,,,,15.436912536621094,machine,N,1.0
2023-08-31T08:41:27,codecarbon,0fe712cc-c884-4fad-aecf-a2eb4826a2f5,0.1806404590606689,8.247537250011364e-07,4.565719824284431e-06,42.5,0.0,5.78884220123291,2.130672335624695e-06,0,2.8942228165476533e-07,2.4200946172794605e-06,Italy,ITA,,,,Linux-6.1.49-1-MANJARO-x86_64-with-glibc2.38,3.11.3,2.3.0,8,Intel(R) Core(TM) i5-8365U CPU @ 1.60GHz,,,,,15.436912536621094,machine,N,1.0
2023-08-31T08:41:56,codecarbon,57f59e7f-fd72-41d4-afe1-1236008bb667,0.213681936264038,9.760306284149491e-07,4.567679633943918e-06,42.5,0.0,5.78884220123291,2.521308263142904e-06,0,3.4268179658511146e-07,2.863990059728015e-06,Italy,ITA,,,,Linux-6.1.49-1-MANJARO-x86_64-with-glibc2.38,3.11.3,2.3.0,8,Intel(R) Core(TM) i5-8365U CPU @ 1.60GHz,,,,,15.436912536621094,machine,N,1.0
2023-08-31T08:46:33,codecarbon,a9d77f8b-1610-4a70-9af6-455e1081063e,0.2202138900756836,1.0058938435079862e-06,4.567803798217626e-06,42.5,0.0,5.78884220123291,2.5983484254943e-06,0,3.532699818367746e-07,2.9516184073310745e-06,Italy,ITA,,,,Linux-6.1.49-1-MANJARO-x86_64-with-glibc2.38,3.11.3,2.3.0,8,Intel(R) Core(TM) i5-8365U CPU @ 1.60GHz,,,,,15.436912536621094,machine,N,1.0
2023-08-31T08:47:04,codecarbon,9f5efc14-7a8b-4910-b1a7-61838e756127,0.2072536945343017,9.46632102136648e-07,4.567504112598459e-06,42.5,0.0,5.78884220123291,2.4452701210975647e-06,0,3.324551385509267e-07,2.777725259648492e-06,Italy,ITA,,,,Linux-6.1.49-1-MANJARO-x86_64-with-glibc2.38,3.11.3,2.3.0,8,Intel(R) Core(TM) i5-8365U CPU @ 1.60GHz,,,,,15.436912536621094,machine,N,1.0
2023-08-31T15:19:18,codecarbon,d0b3dcdd-7420-424b-afb4-3c4b86c24adf,0.0138099193572998,6.215910405811616e-08,4.501047576737615e-06,42.5,0.0,5.78884220123291,1.6133934259414674e-07,0,2.105560584425348e-08,1.8239494843840026e-07,Italy,ITA,,,,Linux-6.1.49-1-MANJARO-x86_64-with-glibc2.38,3.11.3,2.3.0,8,Intel(R) Core(TM) i5-8365U CPU @ 1.60GHz,,,,,15.436912536621094,machine,N,1.0
2023-08-31T15:22:26,codecarbon,9c0c6b0d-0e9a-469b-b279-72788fddb76b,0.0059545040130615,2.6113959651352585e-08,4.385580997858128e-06,42.5,0.0,5.78884220123291,6.824996736314562e-08,0,8.376850161084803e-09,7.662681752423042e-08,Italy,ITA,,,,Linux-6.1.49-1-MANJARO-x86_64-with-glibc2.38,3.11.3,2.3.0,8,Intel(R) Core(TM) i5-8365U CPU @ 1.60GHz,,,,,15.436912536621094,machine,N,1.0
2023-08-31T15:27:45,codecarbon,7ea1bf64-c36d-4b00-b8f1-366c65bea24e,0.006044864654541,2.6570264332901872e-08,4.395510214267873e-06,42.5,0.0,5.78884220123291,6.953063938352797e-08,0,8.435123901335828e-09,7.79657632848638e-08,Italy,ITA,,,,Linux-6.1.49-1-MANJARO-x86_64-with-glibc2.38,3.11.3,2.3.0,8,Intel(R) Core(TM) i5-8365U CPU @ 1.60GHz,,,,,15.436912536621094,machine,N,1.0
2023-09-01T15:20:58,codecarbon,a4d9e22e-9174-464e-bd73-8895ffc0bcfd,0.0571362972259521,2.605424284276404e-07,4.560015980687285e-06,42.5,0.0,5.78884220123291,6.734420855840048e-07,0,9.107380503508013e-08,7.645158906190849e-07,Italy,ITA,,,,Linux-6.1.49-1-MANJARO-x86_64-with-glibc2.38,3.11.3,2.3.0,8,Intel(R) Core(TM) i5-8365U CPU @ 1.60GHz,,,,,15.436912536621094,machine,N,1.0
2023-09-01T15:21:31,codecarbon,3db9f375-f51b-4e00-97c4-506bbefecee9,0.0611879825592041,2.7904198074760385e-07,4.560404986021711e-06,42.5,0.0,5.78884220123291,7.212941845258078e-07,0,9.75053857354169e-08,8.187995702612248e-07,Italy,ITA,,,,Linux-6.1.49-1-MANJARO-x86_64-with-glibc2.38,3.11.3,2.3.0,8,Intel(R) Core(TM) i5-8365U CPU @ 1.60GHz,,,,,15.436912536621094,machine,N,1.0
2023-09-01T15:39:44,codecarbon,2cb7a843-7351-499e-919b-41f2f8011e0c,0.0069539546966552,3.063261241616164e-08,4.405063557704133e-06,42.5,0.0,5.78884220123291,7.989704608917237e-08,0,9.988962514739797e-09,8.988600860391218e-08,Italy,ITA,,,,Linux-6.1.49-1-MANJARO-x86_64-with-glibc2.38,3.11.3,2.3.0,8,Intel(R) Core(TM) i5-8365U CPU @ 1.60GHz,,,,,15.436912536621094,machine,N,1.0
2023-09-01T15:45:01,codecarbon,1175d44f-dabf-434f-931b-bb680622f2b6,0.0071823596954345,3.202472565838168e-08,4.458802819181839e-06,42.5,0.0,5.78884220123291,8.34801130824619e-08,0,1.0490806764664741e-08,9.397091984712665e-08,Italy,ITA,,,,Linux-6.1.49-1-MANJARO-x86_64-with-glibc2.38,3.11.3,2.3.0,8,Intel(R) Core(TM) i5-8365U CPU @ 1.60GHz,,,,,15.436912536621094,machine,N,1.0
2023-09-01T15:49:12,codecarbon,e03d1a02-f6ed-402c-848b-6e03b7163dbb,0.0067965984344482,3.002249105880985e-08,4.417281872449938e-06,42.5,0.0,5.78884220123291,7.840808894899157e-08,0,9.687625936862788e-09,8.809571488585436e-08,Italy,ITA,,,,Linux-6.1.49-1-MANJARO-x86_64-with-glibc2.38,3.11.3,2.3.0,8,Intel(R) Core(TM) i5-8365U CPU @ 1.60GHz,,,,,15.436912536621094,machine,N,1.0
2023-09-01T15:50:17,codecarbon,4552b7c3-f7a3-4e9b-b956-a20ba09ab390,0.2951552867889404,1.3483077735977137e-06,4.568130180781281e-06,42.5,0.0,5.78884220123291,3.482743932141198e-06,0,4.7362787486747493e-07,3.956371807008673e-06,Italy,ITA,,,,Linux-6.1.49-1-MANJARO-x86_64-with-glibc2.38,3.11.3,2.3.0,8,Intel(R) Core(TM) i5-8365U CPU @ 1.60GHz,,,,,15.436912536621094,machine,N,1.0
2023-09-01T15:57:47,codecarbon,483f52bf-2140-46d4-90a9-1f48471829e3,0.0068566799163818,3.062022395367783e-08,4.465750819215089e-06,42.5,0.0,5.78884220123291,7.97337955898709e-08,0,1.0115861251733804e-08,8.98496568416047e-08,Italy,ITA,,,,Linux-6.1.49-1-MANJARO-x86_64-with-glibc2.38,3.11.3,2.3.0,8,Intel(R) Core(TM) i5-8365U CPU @ 1.60GHz,,,,,15.436912536621094,machine,N,1.0
2023-09-01T15:59:22,codecarbon,6f569fcc-cdbe-4b67-b743-7ba95b911305,0.0062401294708251,2.7522029044214964e-08,4.41049006641451e-06,42.5,0.0,5.78884220123291,7.187525431315105e-08,0,8.883294969450618e-09,8.075854928260167e-08,Italy,ITA,,,,Linux-6.1.49-1-MANJARO-x86_64-with-glibc2.38,3.11.3,2.3.0,8,Intel(R) Core(TM) i5-8365U CPU @ 1.60GHz,,,,,15.436912536621094,machine,N,1.0
2023-09-01T15:59:42,codecarbon,52e74740-e970-4311-b3e0-4340aa21f95a,0.0066218376159667,2.946791256033035e-08,4.450111021942962e-06,42.5,0.0,5.78884220123291,7.68459505505032e-08,0,9.622451358950456e-09,8.646840190945369e-08,Italy,ITA,,,,Linux-6.1.49-1-MANJARO-x86_64-with-glibc2.38,3.11.3,2.3.0,8,Intel(R) Core(TM) i5-8365U CPU @ 1.60GHz,,,,,15.436912536621094,machine,N,1.0
2023-09-01T16:00:17,codecarbon,12de0186-f1cd-47da-874f-3cbb4782dcf4,0.0476751327514648,2.171753936972304e-07,4.555318069681883e-06,42.5,0.0,5.78884220123291,5.61592976252238e-07,0,7.566998523543589e-08,6.37262961487674e-07,Italy,ITA,,,,Linux-6.1.49-1-MANJARO-x86_64-with-glibc2.38,3.11.3,2.3.0,8,Intel(R) Core(TM) i5-8365U CPU @ 1.60GHz,,,,,15.436912536621094,machine,N,1.0
2023-09-01T16:00:54,codecarbon,6e6daed4-d8df-4485-bf5c-b7d103f067ca,0.274308443069458,1.2530114077329265e-06,4.5678922373368206e-06,42.5,0.0,5.78884220123291,3.236638175116645e-06,0,4.4010322212898244e-07,3.676741397245628e-06,Italy,ITA,,,,Linux-6.1.49-1-MANJARO-x86_64-with-glibc2.38,3.11.3,2.3.0,8,Intel(R) Core(TM) i5-8365U CPU @ 1.60GHz,,,,,15.436912536621094,machine,N,1.0
2023-09-01T16:02:30,codecarbon,792dd54f-c068-4930-9509-9909f0e07bb9,0.2490689754486084,1.1376717827036608e-06,4.56769768556904e-06,42.5,0.0,5.78884220123291,2.938782009813521e-06,0,3.9951556204414377e-07,3.3382975718576645e-06,Italy,ITA,,,,Linux-6.1.49-1-MANJARO-x86_64-with-glibc2.38,3.11.3,2.3.0,8,Intel(R) Core(TM) i5-8365U CPU @ 1.60GHz,,,,,15.436912536621094,machine,N,1.0
2023-09-01T16:03:22,codecarbon,efdf4c50-66de-4688-b236-d122299ce2cd,0.2508769035339355,1.1459631048759315e-06,4.567830233606656e-06,42.5,0.0,5.78884220123291,2.960184713204702e-06,0,4.024422839722775e-07,3.36262699717698e-06,Italy,ITA,,,,Linux-6.1.49-1-MANJARO-x86_64-with-glibc2.38,3.11.3,2.3.0,8,Intel(R) Core(TM) i5-8365U CPU @ 1.60GHz,,,,,15.436912536621094,machine,N,1.0
2023-09-01T16:03:37,codecarbon,d91b495d-126c-445e-afd9-17652ee98cf1,0.2887797355651855,1.3189545716489906e-06,4.567337694480526e-06,42.5,0.0,5.78884220123291,3.407009773784213e-06,0,4.632302294112378e-07,3.870240003195451e-06,Italy,ITA,,,,Linux-6.1.49-1-MANJARO-x86_64-with-glibc2.38,3.11.3,2.3.0,8,Intel(R) Core(TM) i5-8365U CPU @ 1.60GHz,,,,,15.436912536621094,machine,N,1.0
2023-09-01T16:11:14,codecarbon,7a7f51dd-6094-4f9c-be41-5c43e170c554,0.0531623363494873,2.4220032353148617e-07,4.55586304445444e-06,42.5,0.0,5.78884220123291,6.261754367086623e-07,0,8.451877601658e-08,7.106942127252422e-07,Italy,ITA,,,,Linux-6.1.49-1-MANJARO-x86_64-with-glibc2.38,3.11.3,2.3.0,8,Intel(R) Core(TM) i5-8365U CPU @ 1.60GHz,,,,,15.436912536621094,machine,N,1.0
2023-09-01T16:11:27,codecarbon,ca1a4b1f-0538-492b-9d35-c295015bb892,0.3757503032684326,1.7166105806616776e-06,4.568487545398856e-06,42.5,0.0,5.78884220123291,4.434131251441108e-06,0,6.029603072767031e-07,5.037091558717811e-06,Italy,ITA,,,,Linux-6.1.49-1-MANJARO-x86_64-with-glibc2.38,3.11.3,2.3.0,8,Intel(R) Core(TM) i5-8365U CPU @ 1.60GHz,,,,,15.436912536621094,machine,N,1.0
2023-09-01T16:12:32,codecarbon,b479f9d9-17e4-4366-be59-35872c15ad40,0.0089225769042968,3.958575078727468e-08,4.43658275091036e-06,42.5,0.0,5.78884220123291,1.0312365161048041e-07,0,1.3033765442855838e-08,1.1615741705333625e-07,Italy,ITA,,,,Linux-6.1.49-1-MANJARO-x86_64-with-glibc2.38,3.11.3,2.3.0,8,Intel(R) Core(TM) i5-8365U CPU @ 1.60GHz,,,,,15.436912536621094,machine,N,1.0
2023-09-01T16:13:06,codecarbon,58922a33-ffe8-4178-9657-9139b0df6f9b,0.6985125541687012,3.1921160364857857e-06,4.569876400123858e-06,42.5,0.0,5.78884220123291,8.244594931602478e-06,0,1.12210764087763e-06,9.366702572480108e-06,Italy,ITA,,,,Linux-6.1.49-1-MANJARO-x86_64-with-glibc2.38,3.11.3,2.3.0,8,Intel(R) Core(TM) i5-8365U CPU @ 1.60GHz,,,,,15.436912536621094,machine,N,1.0
2023-09-01T16:21:28,codecarbon,5e7a2ba1-6c08-4149-9366-1095a6cf3d5e,0.0101325511932373,4.491870626547116e-08,4.4331092346664805e-06,42.5,0.0,5.78884220123291,1.1696616808573408e-07,0,1.4839868010767533e-08,1.318060360965016e-07,Italy,ITA,,,,Linux-6.1.49-1-MANJARO-x86_64-with-glibc2.38,3.11.3,2.3.0,8,Intel(R) Core(TM) i5-8365U CPU @ 1.60GHz,,,,,15.436912536621094,machine,N,1.0
2023-09-01T16:21:46,codecarbon,74d853e5-cb8d-4168-8265-2d14ee015bd4,0.0181300640106201,8.212415752136855e-08,4.529722425318652e-06,42.5,0.0,5.78884220123291,2.126731806331211e-07,0,2.8305702567195115e-08,2.409788832003162e-07,Italy,ITA,,,,Linux-6.1.49-1-MANJARO-x86_64-with-glibc2.38,3.11.3,2.3.0,8,Intel(R) Core(TM) i5-8365U CPU @ 1.60GHz,,,,,15.436912536621094,machine,N,1.0
2023-09-01T16:22:25,codecarbon,5310957c-6c96-426e-a2f5-7ab95cfb6ce7,0.324930191040039,1.4836669031468666e-06,4.566109718515027e-06,42.5,0.0,5.78884220123291,3.83252501487732e-06,0,5.210343293214237e-07,4.353559344198744e-06,Italy,ITA,,,,Linux-6.1.49-1-MANJARO-x86_64-with-glibc2.38,3.11.3,2.3.0,8,Intel(R) Core(TM) i5-8365U CPU @ 1.60GHz,,,,,15.436912536621094,machine,N,1.0
2023-09-01T16:22:48,codecarbon,cea1c112-b900-4d9c-af33-1f9525ca18aa,0.4579496383666992,2.091269637151733e-06,4.566593052918118e-06,42.5,0.0,5.78884220123291,5.402088496420118e-06,0,7.34374109000555e-07,6.136462605420673e-06,Italy,ITA,,,,Linux-6.1.49-1-MANJARO-x86_64-with-glibc2.38,3.11.3,2.3.0,8,Intel(R) Core(TM) i5-8365U CPU @ 1.60GHz,,,,,15.436912536621094,machine,N,1.0
2023-09-03T10:40:53,codecarbon,277ec566-da33-4912-b0f4-4e129ff61627,0.0325591564178466,1.483165178521893e-07,4.555293630730937e-06,42.5,0.0,5.78884220123291,3.834838668505351e-07,0,5.172484531044576e-08,4.352087121609809e-07,Italy,ITA,,,,Linux-6.1.49-1-MANJARO-x86_64-with-glibc2.38,3.11.3,2.3.0,8,Intel(R) Core(TM) i5-8365U CPU @ 1.60GHz,,,,,15.436912536621094,machine,N,1.0
2023-09-03T10:41:58,codecarbon,edf68e2b-592c-4842-82fa-b9fbf79bfa6d,0.0201556682586669,9.159093318339821e-08,4.544177449636971e-06,42.5,0.0,5.78884220123291,2.3700594902038575e-07,0,3.175152083940702e-08,2.687574698597928e-07,Italy,ITA,,,,Linux-6.1.49-1-MANJARO-x86_64-with-glibc2.38,3.11.3,2.3.0,8,Intel(R) Core(TM) i5-8365U CPU @ 1.60GHz,,,,,15.436912536621094,machine,N,1.0
2023-09-03T10:42:25,codecarbon,f97f00f0-aa84-42e8-b3fe-9035a8285215,0.0190742015838623,8.654942514639353e-08,4.537512344402322e-06,42.5,0.0,5.78884220123291,2.2406693961885242e-07,0,2.989711240786619e-08,2.539640520267186e-07,Italy,ITA,,,,Linux-6.1.49-1-MANJARO-x86_64-with-glibc2.38,3.11.3,2.3.0,8,Intel(R) Core(TM) i5-8365U CPU @ 1.60GHz,,,,,15.436912536621094,machine,N,1.0
2023-09-03T10:43:11,codecarbon,b092fdd3-c5f4-462d-b14c-6f2b58a28ed5,0.0242772102355957,1.1000100094825657e-07,4.531039599721842e-06,42.5,0.0,5.78884220123291,2.848918239275615e-07,0,3.788674890017773e-08,3.227785728277392e-07,Italy,ITA,,,,Linux-6.1.49-1-MANJARO-x86_64-with-glibc2.38,3.11.3,2.3.0,8,Intel(R) Core(TM) i5-8365U CPU @ 1.60GHz,,,,,15.436912536621094,machine,N,1.0
2023-09-03T10:43:39,codecarbon,e4ceeef3-1355-40d9-a212-ac0594af7d37,0.5094568729400635,2.3268304955980494e-06,4.567276680693238e-06,42.5,0.0,5.78884220123291,6.010008023844825e-06,0,8.176664528127732e-07,6.827674476657598e-06,Italy,ITA,,,,Linux-6.1.49-1-MANJARO-x86_64-with-glibc2.38,3.11.3,2.3.0,8,Intel(R) Core(TM) i5-8365U CPU @ 1.60GHz,,,,,15.436912536621094,machine,N,1.0
2023-09-03T10:44:30,codecarbon,8e2a7aeb-d63e-41e7-89a1-b2ebf0306c3f,0.0212409496307373,9.576215579342214e-08,4.508374505763474e-06,42.5,0.0,5.78884220123291,2.483715613683065e-07,0,3.2625626943172395e-08,2.809971883114789e-07,Italy,ITA,,,,Linux-6.1.49-1-MANJARO-x86_64-with-glibc2.38,3.11.3,2.3.0,8,Intel(R) Core(TM) i5-8365U CPU @ 1.60GHz,,,,,15.436912536621094,machine,N,1.0
2023-09-03T10:44:58,codecarbon,3a0dec4a-8c26-4c9d-9090-6e54c310e505,0.4237549304962158,1.935044494605685e-06,4.566423551319517e-06,42.5,0.0,5.78884220123291,4.998355938328637e-06,0,6.796914879924998e-07,5.678047426321137e-06,Italy,ITA,,,,Linux-6.1.49-1-MANJARO-x86_64-with-glibc2.38,3.11.3,2.3.0,8,Intel(R) Core(TM) i5-8365U CPU @ 1.60GHz,,,,,15.436912536621094,machine,N,1.0
2023-09-03T10:45:59,codecarbon,75eb7549-d16c-4399-b616-9e2cd445ef50,0.3691856861114502,1.686798707813942e-06,4.568971038884561e-06,42.5,0.0,5.78884220123291,4.356967243883345e-06,0,5.92646622012012e-07,4.949613865895357e-06,Italy,ITA,,,,Linux-6.1.49-1-MANJARO-x86_64-with-glibc2.38,3.11.3,2.3.0,8,Intel(R) Core(TM) i5-8365U CPU @ 1.60GHz,,,,,15.436912536621094,machine,N,1.0
2023-09-03T11:06:58,codecarbon,eb2a74df-8c88-4f67-9292-d42799281f57,0.3842132091522217,1.7554761708180688e-06,4.569015663702925e-06,42.5,0.0,5.78884220123291,4.534347355365754e-06,0,6.167884358103493e-07,5.151135791176103e-06,Italy,ITA,,,,Linux-6.1.49-1-MANJARO-x86_64-with-glibc2.38,3.11.3,2.3.0,8,Intel(R) Core(TM) i5-8365U CPU @ 1.60GHz,,,,,15.436912536621094,machine,N,1.0
2023-09-23T15:37:56,codecarbon,fc5dbda5-4054-448a-ab3a-72ced9cf603d,0.0450925827026367,2.049999356091905e-07,4.546200801161992e-06,42.5,0.0,5.78884220123291,5.307217439015707e-07,0,7.081447918096728e-08,6.015362230825379e-07,Italy,ITA,,,,Linux-6.1.53-1-MANJARO-x86_64-with-glibc2.38,3.11.5,2.3.0,8,Intel(R) Core(TM) i5-8365U CPU @ 1.60GHz,,,,,15.436912536621094,machine,N,1.0
2023-09-23T15:38:20,codecarbon,4f00c329-7056-4288-b3d6-0bfd8265c782,0.0587067604064941,2.675164217631437e-07,4.556824800258456e-06,42.5,0.0,5.78884220123291,6.915037830670676e-07,0,9.34760633009546e-08,7.849798463680221e-07,Italy,ITA,,,,Linux-6.1.53-1-MANJARO-x86_64-with-glibc2.38,3.11.5,2.3.0,8,Intel(R) Core(TM) i5-8365U CPU @ 1.60GHz,,,,,15.436912536621094,machine,N,1.0
2023-09-23T15:38:40,codecarbon,54032f29-fcd6-4b9b-aa9a-19068c4d860a,0.5842058658599854,2.669714640031066e-06,4.569818271340171e-06,42.5,0.0,5.78884220123291,6.895391477478876e-06,0,9.384161600706876e-07,7.833807637549563e-06,Italy,ITA,,,,Linux-6.1.53-1-MANJARO-x86_64-with-glibc2.38,3.11.5,2.3.0,8,Intel(R) Core(TM) i5-8365U CPU @ 1.60GHz,,,,,15.436912536621094,machine,N,1.0
2023-09-23T15:41:36,codecarbon,71b93bc0-5fa0-402c-b953-fd1d7259c676,1.8667747974395752,8.53259672324678e-06,4.570769187022393e-06,42.5,0.0,5.78884220123291,2.203670640786489e-05,0,3.0006966075836773e-06,2.5037403015448566e-05,Italy,ITA,,,,Linux-6.1.53-1-MANJARO-x86_64-with-glibc2.38,3.11.5,2.3.0,8,Intel(R) Core(TM) i5-8365U CPU @ 1.60GHz,,,,,15.436912536621094,machine,N,1.0
2023-09-23T15:41:58,codecarbon,0873fbf2-f1a9-4447-9c5c-a9477d9f357b,0.6647555828094482,3.037916099297392e-06,4.56997455584846e-06,42.5,0.0,5.78884220123291,7.846320006582472e-06,0,1.0679099954052162e-06,8.914230001987689e-06,Italy,ITA,,,,Linux-6.1.53-1-MANJARO-x86_64-with-glibc2.38,3.11.5,2.3.0,8,Intel(R) Core(TM) i5-8365U CPU @ 1.60GHz,,,,,15.436912536621094,machine,N,1.0
2023-09-23T15:44:19,codecarbon,9f6601f1-9f6f-42cf-8a8d-1e616928fcb4,0.0231294631958007,1.050753182731954e-07,4.542920749335511e-06,42.5,0.0,5.78884220123291,2.71899335914188e-07,0,3.642568821533133e-08,3.083250241295193e-07,Italy,ITA,,,,Linux-6.1.53-1-MANJARO-x86_64-with-glibc2.38,3.11.5,2.3.0,8,Intel(R) Core(TM) i5-8365U CPU @ 1.60GHz,,,,,15.436912536621094,machine,N,1.0
2023-09-23T15:44:37,codecarbon,8271eea0-91ab-4fa2-93f0-9d33961e6659,0.6517050266265869,2.978255161340376e-06,4.569943516864805e-06,42.5,0.0,5.78884220123291,7.69221716456943e-06,0,1.0469483176291309e-06,8.73916548219856e-06,Italy,ITA,,,,Linux-6.1.53-1-MANJARO-x86_64-with-glibc2.38,3.11.5,2.3.0,8,Intel(R) Core(TM) i5-8365U CPU @ 1.60GHz,,,,,15.436912536621094,machine,N,1.0
2023-09-23T15:45:48,codecarbon,eb5a90d4-158e-494a-a909-7f6f18ecbb97,0.5760786533355713,2.6324455670234287e-06,4.56959401599282e-06,42.5,0.0,5.78884220123291,6.799141234821744e-06,0,9.253068687934274e-07,7.724448103615172e-06,Italy,ITA,,,,Linux-6.1.53-1-MANJARO-x86_64-with-glibc2.38,3.11.5,2.3.0,8,Intel(R) Core(TM) i5-8365U CPU @ 1.60GHz,,,,,15.436912536621094,machine,N,1.0
2023-09-23T15:46:17,codecarbon,c152dbae-503f-4c3e-a153-9d1ed05d47d8,0.6500537395477295,2.970572541072976e-06,4.569733793301045e-06,42.5,0.0,5.78884220123291,7.672461039490172e-06,0,1.0441611459737032e-06,8.716622185463875e-06,Italy,ITA,,,,Linux-6.1.53-1-MANJARO-x86_64-with-glibc2.38,3.11.5,2.3.0,8,Intel(R) Core(TM) i5-8365U CPU @ 1.60GHz,,,,,15.436912536621094,machine,N,1.0
2023-09-23T15:48:21,codecarbon,60ed09a6-1c68-4c0e-8500-fad1e2e45312,1.2274494171142578,5.610046630539956e-06,4.570491095045868e-06,42.5,0.0,5.78884220123291,1.4488999711142649e-05,0,1.972694539753661e-06,1.6461694250896308e-05,Italy,ITA,,,,Linux-6.1.53-1-MANJARO-x86_64-with-glibc2.38,3.11.5,2.3.0,8,Intel(R) Core(TM) i5-8365U CPU @ 1.60GHz,,,,,15.436912536621094,machine,N,1.0
2023-09-23T15:52:01,codecarbon,99ff8744-fbc9-434d-90d2-8df5a6bfc5ae,0.0241701602935791,1.096318428684191e-07,4.535834331952826e-06,42.5,0.0,5.78884220123291,2.839489115609063e-07,0,3.774643186773119e-08,3.216953434286375e-07,Italy,ITA,,,,Linux-6.1.53-1-MANJARO-x86_64-with-glibc2.38,3.11.5,2.3.0,8,Intel(R) Core(TM) i5-8365U CPU @ 1.60GHz,,,,,15.436912536621094,machine,N,1.0
2023-09-23T15:53:23,codecarbon,7acf3d18-330e-4afc-96fe-21c009a05e2d,1.563833236694336,7.146643761802572e-06,4.56995259731741e-06,42.5,0.0,5.78884220123291,1.845758275853264e-05,0,2.512985273189088e-06,2.097056803172172e-05,Italy,ITA,,,,Linux-6.1.53-1-MANJARO-x86_64-with-glibc2.38,3.11.5,2.3.0,8,Intel(R) Core(TM) i5-8365U CPU @ 1.60GHz,,,,,15.436912536621094,machine,N,1.0
2023-09-23T15:58:30,codecarbon,4ed4eaf1-0a12-4f16-8f9d-d03d8c5c2738,1.5308446884155271,6.997069368407e-06,4.57072452963807e-06,42.5,0.0,5.78884220123291,1.8070997132195367e-05,0,2.4606711730183403e-06,2.0531668305213707e-05,Italy,ITA,,,,Linux-6.1.53-1-MANJARO-x86_64-with-glibc2.38,3.11.5,2.3.0,8,Intel(R) Core(TM) i5-8365U CPU @ 1.60GHz,,,,,15.436912536621094,machine,N,1.0
2023-09-23T15:59:16,codecarbon,7f54ade3-ea2c-44ff-aaa9-0f005fd18dca,1.5468316078186035,7.068970461659339e-06,4.569967684865356e-06,42.5,0.0,5.78884220123291,1.825692819224464e-05,0,2.48572121372888e-06,2.074264940597352e-05,Italy,ITA,,,,Linux-6.1.53-1-MANJARO-x86_64-with-glibc2.38,3.11.5,2.3.0,8,Intel(R) Core(TM) i5-8365U CPU @ 1.60GHz,,,,,15.436912536621094,machine,N,1.0
2023-09-23T16:01:34,codecarbon,e0853ef3-34b7-482d-934c-d2399155386e,0.0438933372497558,1.9983658354725868e-07,4.552777165476753e-06,42.5,0.0,5.78884220123291,5.168060461680095e-07,0,6.957922923959359e-08,5.863852754076031e-07,Italy,ITA,,,,Linux-6.1.53-1-MANJARO-x86_64-with-glibc2.38,3.11.5,2.3.0,8,Intel(R) Core(TM) i5-8365U CPU @ 1.60GHz,,,,,15.436912536621094,machine,N,1.0
2023-09-23T16:02:04,codecarbon,ca0d51cd-2e9a-4773-9b15-c404358e4d1b,0.0465857982635498,2.1181241088330898e-07,4.5467163551652106e-06,42.5,0.0,5.78884220123291,5.478095677163866e-07,0,7.371666479741636e-08,6.21526232513803e-07,Italy,ITA,,,,Linux-6.1.53-1-MANJARO-x86_64-with-glibc2.38,3.11.5,2.3.0,8,Intel(R) Core(TM) i5-8365U CPU @ 1.60GHz,,,,,15.436912536621094,machine,N,1.0
2023-09-23T16:03:13,codecarbon,fababc2a-1a05-4bd2-9f0c-b0bb92bdded5,0.0441107749938964,2.0092211651833845e-07,4.5549441501796215e-06,42.5,0.0,5.78884220123291,5.195447140269809e-07,0,7.002586678822809e-08,5.89570580815209e-07,Italy,ITA,,,,Linux-6.1.53-1-MANJARO-x86_64-with-glibc2.38,3.11.5,2.3.0,8,Intel(R) Core(TM) i5-8365U CPU @ 1.60GHz,,,,,15.436912536621094,machine,N,1.0
2023-09-23T16:03:25,codecarbon,50bdba52-dfdb-4287-b47f-a07bcd3ea8b7,1.5718960762023926,7.184624685398476e-06,4.570674101277803e-06,42.5,0.0,5.78884220123291,1.855541765689849e-05,0,2.5265987089954933e-06,2.108201636589399e-05,Italy,ITA,,,,Linux-6.1.53-1-MANJARO-x86_64-with-glibc2.38,3.11.5,2.3.0,8,Intel(R) Core(TM) i5-8365U CPU @ 1.60GHz,,,,,15.436912536621094,machine,N,1.0
2023-09-23T16:04:33,codecarbon,ef2b94d3-2ed9-400e-914f-a5b2f42e83a2,1.5153727531433103,6.926248350903313e-06,4.570656517702539e-06,42.5,0.0,5.78884220123291,1.7888218495580887e-05,0,2.435638001022085e-06,2.032385649660297e-05,Italy,ITA,,,,Linux-6.1.53-1-MANJARO-x86_64-with-glibc2.38,3.11.5,2.3.0,8,Intel(R) Core(TM) i5-8365U CPU @ 1.60GHz,,,,,15.436912536621094,machine,N,1.0
2023-09-23T16:21:18,codecarbon,2e1bb94a-caa8-431f-8b02-402a83d72bf6,1.323235273361206,6.047971683544701e-06,4.570594364660482e-06,42.5,0.0,5.78884220123291,1.561985280778673e-05,0,2.1268554193085268e-06,1.774670822709526e-05,Italy,ITA,,,,Linux-6.1.53-1-MANJARO-x86_64-with-glibc2.38,3.11.5,2.3.0,8,Intel(R) Core(TM) i5-8365U CPU @ 1.60GHz,,,,,15.436912536621094,machine,N,1.0
2023-09-23T16:22:44,codecarbon,b9bed69e-4e7b-47f9-be95-24b3088c31bc,1.1992714405059814,5.4800777753373866e-06,4.569505776795036e-06,42.5,0.0,5.78884220123291,1.4153635336293116e-05,0,1.926688188585217e-06,1.6080323524878334e-05,Italy,ITA,,,,Linux-6.1.53-1-MANJARO-x86_64-with-glibc2.38,3.11.5,2.3.0,8,Intel(R) Core(TM) i5-8365U CPU @ 1.60GHz,,,,,15.436912536621094,machine,N,1.0
2023-09-25T15:58:45,codecarbon,4112a414-bbae-483c-9772-c068d6453809,1.226858377456665,5.602869718729594e-06,4.566843102416276e-06,42.5,0.0,5.78884220123291,1.4475607540872363e-05,0,1.965027325732081e-06,1.6440634866604443e-05,Italy,ITA,,,,Linux-6.1.53-1-MANJARO-x86_64-with-glibc2.38,3.11.5,2.3.0,8,Intel(R) Core(TM) i5-8365U CPU @ 1.60GHz,,,,,15.436912536621094,machine,N,1.0
2023-09-25T16:28:40,codecarbon,91a511ce-53fe-44e6-891b-cd9a8371d4c8,0.387019395828247,1.7685118757413735e-06,4.569569108950319e-06,42.5,0.0,5.78884220123291,4.567855927679274e-06,0,6.215308448031464e-07,5.18938677248242e-06,Italy,ITA,,,,Linux-6.1.53-1-MANJARO-x86_64-with-glibc2.38,3.11.5,2.3.0,8,Intel(R) Core(TM) i5-8365U CPU @ 1.60GHz,,,,,15.436912536621094,machine,N,1.0
2023-09-28T13:18:52,codecarbon,db6f6d00-b8d9-4682-a679-ca5d7a02be7d,0.0476560592651367,2.170875360489964e-07,4.555297676654708e-06,42.5,0.0,5.78884220123291,5.61218625969357e-07,0,7.578653271593793e-08,6.370051586852949e-07,Italy,ITA,,,,Linux-6.1.53-1-MANJARO-x86_64-with-glibc2.38,3.11.5,2.3.0,8,Intel(R) Core(TM) i5-8365U CPU @ 1.60GHz,,,,,15.436912536621094,machine,N,1.0
2023-09-28T13:19:07,codecarbon,783c914c-d487-411d-ba54-548ffbeddb64,1.2863030433654783,5.8791917745379095e-06,4.57061172704343e-06,42.5,0.0,5.78884220123291,1.518396271599664e-05,0,2.0674905799472754e-06,1.7251453295943914e-05,Italy,ITA,,,,Linux-6.1.53-1-MANJARO-x86_64-with-glibc2.38,3.11.5,2.3.0,8,Intel(R) Core(TM) i5-8365U CPU @ 1.60GHz,,,,,15.436912536621094,machine,N,1.0
2023-09-28T13:38:40,codecarbon,bacd99b4-53bf-4ce2-b2d6-657bc611836e,0.0655441284179687,2.986537935598883e-07,4.556530093060374e-06,42.5,0.0,5.78884220123291,7.719637619124519e-07,0,1.0438322060451809e-07,8.7634698251697e-07,Italy,ITA,,,,Linux-6.1.53-1-MANJARO-x86_64-with-glibc2.38,3.11.5,2.3.0,8,Intel(R) Core(TM) i5-8365U CPU @ 1.60GHz,,,,,15.436912536621094,machine,N,1.0
2023-09-28T13:39:52,codecarbon,5d623683-d8d7-4238-a4e2-09c751555207,0.0638375282287597,2.909470608054316e-07,4.557617891514095e-06,42.5,0.0,5.78884220123291,7.52021869023641e-07,0,1.0171106291011257e-07,8.537329319337536e-07,Italy,ITA,,,,Linux-6.1.53-1-MANJARO-x86_64-with-glibc2.38,3.11.5,2.3.0,8,Intel(R) Core(TM) i5-8365U CPU @ 1.60GHz,,,,,15.436912536621094,machine,N,1.0
2023-09-28T15:51:34,codecarbon,919f02c6-f758-40ee-bf75-25940a99b84b,0.0733649730682373,3.346248232453868e-07,4.561097881602842e-06,42.5,0.0,5.78884220123291,8.648532960149977e-07,0,1.1704434081366345e-07,9.818976368286612e-07,Italy,ITA,,,,Linux-6.1.53-1-MANJARO-x86_64-with-glibc2.38,3.11.5,2.3.0,8,Intel(R) Core(TM) i5-8365U CPU @ 1.60GHz,,,,,15.436912536621094,machine,N,1.0
2023-09-28T15:56:23,codecarbon,b760bdca-d274-4e98-ac70-be056e441e1a,0.0212523937225341,9.614435820925437e-08,4.52393078466786e-06,42.5,0.0,5.78884220123291,2.491484085718791e-07,0,3.29702854463676e-08,2.821186940182467e-07,Italy,ITA,,,,Linux-6.1.53-1-MANJARO-x86_64-with-glibc2.38,3.11.5,2.3.0,8,Intel(R) Core(TM) i5-8365U CPU @ 1.60GHz,,,,,15.436912536621094,machine,N,1.0
2023-09-28T16:01:02,codecarbon,a0d89b65-5321-4e63-b7ae-d9d700787f9b,0.0101613998413085,4.55767676293037e-08,4.485284344783178e-06,42.5,0.0,5.78884220123291,1.1842979325188532e-07,0,1.5307208072385953e-08,1.337370013242713e-07,Italy,ITA,,,,Linux-6.1.53-1-MANJARO-x86_64-with-glibc2.38,3.11.5,2.3.0,8,Intel(R) Core(TM) i5-8365U CPU @ 1.60GHz,,,,,15.436912536621094,machine,N,1.0
2023-09-28T16:01:31,codecarbon,c87e21db-4101-4a1e-8f24-af822fde39a2,0.010385513305664,4.672519092836807e-08,4.499073811102339e-06,42.5,0.0,5.78884220123291,1.2128667698966134e-07,0,1.5820170338542995e-08,1.3710684732820434e-07,Italy,ITA,,,,Linux-6.1.53-1-MANJARO-x86_64-with-glibc2.38,3.11.5,2.3.0,8,Intel(R) Core(TM) i5-8365U CPU @ 1.60GHz,,,,,15.436912536621094,machine,N,1.0
2023-09-28T16:03:34,codecarbon,c2f4cde6-7be1-4b89-b10b-df727f8e1df7,0.0134761333465576,6.042510125092562e-08,4.483860444016813e-06,42.5,0.0,5.78884220123291,1.568274365531074e-07,0,2.0479385899534466e-08,1.7730682245264186e-07,Italy,ITA,,,,Linux-6.1.53-1-MANJARO-x86_64-with-glibc2.38,3.11.5,2.3.0,8,Intel(R) Core(TM) i5-8365U CPU @ 1.60GHz,,,,,15.436912536621094,machine,N,1.0
2023-09-28T16:04:32,codecarbon,12edd6b6-c700-4dfd-a817-b5dbb4e71959,0.0121314525604248,5.4109047832813226e-08,4.460228283736412e-06,42.5,0.0,5.78884220123291,1.404770546489292e-07,0,1.8296420919341472e-08,1.5877347556827066e-07,Italy,ITA,,,,Linux-6.1.53-1-MANJARO-x86_64-with-glibc2.38,3.11.5,2.3.0,8,Intel(R) Core(TM) i5-8365U CPU @ 1.60GHz,,,,,15.436912536621094,machine,N,1.0
2023-09-28T16:05:40,codecarbon,0c81c3d1-e1f3-4e26-a6d2-d42361a156af,0.0105178356170654,4.683222445762057e-08,4.452648449994237e-06,42.5,0.0,5.78884220123291,1.2180738978915744e-07,0,1.5613528588573898e-08,1.3742091837773134e-07,Italy,ITA,,,,Linux-6.1.53-1-MANJARO-x86_64-with-glibc2.38,3.11.5,2.3.0,8,Intel(R) Core(TM) i5-8365U CPU @ 1.60GHz,,,,,15.436912536621094,machine,N,1.0
2023-09-28T16:08:43,codecarbon,26670e63-8b0b-4522-a8c7-3f7a50522ee4,0.0118689537048339,5.28383400113843e-08,4.451811113717993e-06,42.5,0.0,5.78884220123291,1.374147004551358e-07,0,1.7630106705155412e-08,1.550448071602912e-07,Italy,ITA,,,,Linux-6.1.53-1-MANJARO-x86_64-with-glibc2.38,3.11.5,2.3.0,8,Intel(R) Core(TM) i5-8365U CPU @ 1.60GHz,,,,,15.436912536621094,machine,N,1.0
2023-09-28T16:09:59,codecarbon,011811b1-99c0-4822-b602-0f9caa8e15e5,0.0102350711822509,4.563550987616721e-08,4.458738885500423e-06,42.5,0.0,5.78884220123291,1.186324490441217e-07,0,1.5276921062650226e-08,1.339093701067719e-07,Italy,ITA,,,,Linux-6.1.53-1-MANJARO-x86_64-with-glibc2.38,3.11.5,2.3.0,8,Intel(R) Core(TM) i5-8365U CPU @ 1.60GHz,,,,,15.436912536621094,machine,N,1.0
2023-09-28T16:10:07,codecarbon,45abc0cf-9d59-4714-a239-f3f06ed4fd07,0.0295817852020263,1.342573876847132e-07,4.5385153995208e-06,42.5,0.0,5.78884220123291,3.47470243771871e-07,0,4.648442586642431e-08,3.939546696382953e-07,Italy,ITA,,,,Linux-6.1.53-1-MANJARO-x86_64-with-glibc2.38,3.11.5,2.3.0,8,Intel(R) Core(TM) i5-8365U CPU @ 1.60GHz,,,,,15.436912536621094,machine,N,1.0
2023-09-28T16:10:15,codecarbon,fda8b80f-42ae-4de2-884b-02a7b4e56fd6,0.0107557773590087,4.8141544027924766e-08,4.4758777000532206e-06,42.5,0.0,5.78884220123291,1.2504706780115764e-07,0,1.6215818364457852e-08,1.412628861656155e-07,Italy,ITA,,,,Linux-6.1.53-1-MANJARO-x86_64-with-glibc2.38,3.11.5,2.3.0,8,Intel(R) Core(TM) i5-8365U CPU @ 1.60GHz,,,,,15.436912536621094,machine,N,1.0
2023-09-28T16:10:43,codecarbon,b9169913-e4ca-455f-b85d-ae84d3f6cfa5,0.012286901473999,5.536098750757593e-08,4.505691497952377e-06,42.5,0.0,5.78884220123291,1.436576247215271e-07,0,1.8789447432254747e-08,1.6244707215378184e-07,Italy,ITA,,,,Linux-6.1.53-1-MANJARO-x86_64-with-glibc2.38,3.11.5,2.3.0,8,Intel(R) Core(TM) i5-8365U CPU @ 1.60GHz,,,,,15.436912536621094,machine,N,1.0
2023-09-28T16:11:18,codecarbon,adb20c00-35a7-4eb4-9124-3be907895e2f,0.0158653259277343,7.125504416398502e-08,4.4912436396546505e-06,42.5,0.0,5.78884220123291,1.8489526377783884e-07,0,2.4190119661966494e-08,2.0908538343980535e-07,Italy,ITA,,,,Linux-6.1.53-1-MANJARO-x86_64-with-glibc2.38,3.11.5,2.3.0,8,Intel(R) Core(TM) i5-8365U CPU @ 1.60GHz,,,,,15.436912536621094,machine,N,1.0
2023-09-28T16:11:55,codecarbon,4eda86d5-8ff4-4bed-a8c2-b14ea47ed309,0.015322208404541,6.926449811564211e-08,4.520529696953757e-06,42.5,0.0,5.78884220123291,1.7953051461113825e-07,0,2.3713961863336413e-08,2.0324447647447466e-07,Italy,ITA,,,,Linux-6.1.53-1-MANJARO-x86_64-with-glibc2.38,3.11.5,2.3.0,8,Intel(R) Core(TM) i5-8365U CPU @ 1.60GHz,,,,,15.436912536621094,machine,N,1.0
2023-09-28T16:13:43,codecarbon,21641904-93a8-4371-a548-55726b628621,1.137542963027954,5.19901065032898e-06,4.570386191383981e-06,42.5,0.0,5.78884220123291,1.342748867140876e-05,0,1.828092853879184e-06,1.5255581525287945e-05,Italy,ITA,,,,Linux-6.1.53-1-MANJARO-x86_64-with-glibc2.38,3.11.5,2.3.0,8,Intel(R) Core(TM) i5-8365U CPU @ 1.60GHz,,,,,15.436912536621094,machine,N,1.0
2023-09-28T16:16:51,codecarbon,14a602c7-a9f0-40eb-b776-4d0ce72143f9,0.0140893459320068,6.324760726528478e-08,4.489037856725831e-06,42.5,0.0,5.78884220123291,1.641005277633667e-07,0,2.1488441717565373e-08,1.855889694809321e-07,Italy,ITA,,,,Linux-6.1.53-1-MANJARO-x86_64-with-glibc2.38,3.11.5,2.3.0,8,Intel(R) Core(TM) i5-8365U CPU @ 1.60GHz,,,,,15.436912536621094,machine,N,1.0
2023-09-28T16:24:22,codecarbon,96346a6f-6834-4270-8142-1191326934c1,0.0137898921966552,6.195726333088327e-08,4.492947620425268e-06,42.5,0.0,5.78884220123291,1.610522468884786e-07,0,2.0750435467675746e-08,1.8180268235615442e-07,Italy,ITA,,,,Linux-6.1.53-1-MANJARO-x86_64-with-glibc2.38,3.11.5,2.3.0,8,Intel(R) Core(TM) i5-8365U CPU @ 1.60GHz,,,,,15.436912536621094,machine,N,1.0
2023-09-28T16:24:40,codecarbon,7c62a3aa-0268-4a80-be0a-6fd426207bed,0.6373248100280762,2.911510193484583e-06,4.568330226084125e-06,42.5,0.0,5.78884220123291,7.519985073142582e-06,0,1.023329050593702e-06,8.543314123736284e-06,Italy,ITA,,,,Linux-6.1.53-1-MANJARO-x86_64-with-glibc2.38,3.11.5,2.3.0,8,Intel(R) Core(TM) i5-8365U CPU @ 1.60GHz,,,,,15.436912536621094,machine,N,1.0
2023-09-28T16:25:20,codecarbon,2620fcba-f13a-4cc4-aa00-f8463999957e,0.5585834980010986,2.5524314202247542e-06,4.569471581882883e-06,42.5,0.0,5.78884220123291,6.592626538541582e-06,0,8.970341368950586e-07,7.489660675436641e-06,Italy,ITA,,,,Linux-6.1.53-1-MANJARO-x86_64-with-glibc2.38,3.11.5,2.3.0,8,Intel(R) Core(TM) i5-8365U CPU @ 1.60GHz,,,,,15.436912536621094,machine,N,1.0
2023-09-30T10:09:16,codecarbon,747e3a89-1445-4078-8d15-5e93cd745cf1,0.6388559341430664,2.9182261033227265e-06,4.567893866771557e-06,42.5,0.0,5.78884220123291,7.537376880645752e-06,0,1.0256438982492e-06,8.563020778894953e-06,Italy,ITA,,,,Linux-6.1.53-1-MANJARO-x86_64-with-glibc2.38,3.11.5,2.3.0,8,Intel(R) Core(TM) i5-8365U CPU @ 1.60GHz,,,,,15.436912536621094,machine,N,1.0
2023-10-04T16:08:29,codecarbon,3a11deea-43c1-4e4f-a643-8fa151d48aa3,4.999108791351318,2.2848373207095635e-05,4.570489293336512e-06,42.5,0.0,5.78884220123291,5.900977518823412e-05,0,8.034753785561292e-06,6.704452897379542e-05,Italy,ITA,,,,Linux-6.1.53-1-MANJARO-x86_64-with-glibc2.38,3.11.5,2.3.0,8,Intel(R) Core(TM) i5-8365U CPU @ 1.60GHz,,,,,15.436912536621094,machine,N,1.0
2023-10-04T16:13:25,codecarbon,01055774-4cc3-462d-bf0f-a3120a6031dd,3.2144663333892822,1.4690202377553192e-05,4.570028382305089e-06,42.5,0.0,5.78884220123291,3.794071641233233e-05,0,5.165096417568407e-06,4.310581282990074e-05,Italy,ITA,,,,Linux-6.1.53-1-MANJARO-x86_64-with-glibc2.38,3.11.5,2.3.0,8,Intel(R) Core(TM) i5-8365U CPU @ 1.60GHz,,,,,15.436912536621094,machine,N,1.0
2023-10-04T16:13:28,codecarbon,ca20773d-5c57-4c7b-af80-bee1f2bd5757,2.146461248397827,9.807768468006768e-06,4.569273484591224e-06,42.5,0.0,5.78884220123291,2.5331731968455847e-05,0,3.447438052162965e-06,2.8779170020618813e-05,Italy,ITA,,,,Linux-6.1.53-1-MANJARO-x86_64-with-glibc2.38,3.11.5,2.3.0,8,Intel(R) Core(TM) i5-8365U CPU @ 1.60GHz,,,,,15.436912536621094,machine,N,1.0
2023-10-04T16:13:28,codecarbon,3132f9c8-a8a0-4d8c-8922-cac1f0a78624,8.43913197517395,3.857675105647848e-05,4.571175231050149e-06,42.5,0.0,5.78884220123291,9.962726500299242e-05,0,1.356941996352248e-05,0.0001131966849665,Italy,ITA,,,,Linux-6.1.53-1-MANJARO-x86_64-with-glibc2.38,3.11.5,2.3.0,8,Intel(R) Core(TM) i5-8365U CPU @ 1.60GHz,,,,,15.436912536621094,machine,N,1.0
2023-10-04T16:14:31,codecarbon,1cc0c6a5-de74-4210-8e98-9bc8edb2da50,3.3873395919799805,1.5480425844338475e-05,4.570083814740818e-06,42.5,0.0,5.78884220123291,3.998132795095444e-05,0,5.443256532159921e-06,4.542458448311437e-05,Italy,ITA,,,,Linux-6.1.53-1-MANJARO-x86_64-with-glibc2.38,3.11.5,2.3.0,8,Intel(R) Core(TM) i5-8365U CPU @ 1.60GHz,,,,,15.436912536621094,machine,N,1.0
2023-10-04T16:14:33,codecarbon,e6f64550-7038-43cd-9f73-42bc7ae0d83c,1.0395150184631348,4.748024565379762e-06,4.567538208730695e-06,42.5,0.0,5.78884220123291,1.2264297902584076e-05,0,1.667944347513526e-06,1.3932242250097604e-05,Italy,ITA,,,,Linux-6.1.53-1-MANJARO-x86_64-with-glibc2.38,3.11.5,2.3.0,8,Intel(R) Core(TM) i5-8365U CPU @ 1.60GHz,,,,,15.436912536621094,machine,N,1.0
2023-10-04T16:14:33,codecarbon,77f7ea1f-2964-49bf-893f-249522556abf,7.449865341186523,3.40543254239062e-05,4.571133015738838e-06,42.5,0.0,5.78884220123291,8.794807940721512e-05,0,1.1978343663338363e-05,9.992642307055348e-05,Italy,ITA,,,,Linux-6.1.53-1-MANJARO-x86_64-with-glibc2.38,3.11.5,2.3.0,8,Intel(R) Core(TM) i5-8365U CPU @ 1.60GHz,,,,,15.436912536621094,machine,N,1.0
2023-10-04T16:14:36,codecarbon,26d82542-603b-4348-b160-179e9a094e16,0.0246376991271972,1.113446036408675e-07,4.519277675485349e-06,42.5,0.0,5.78884220123291,2.884889642397563e-07,0,3.8232174163113085e-08,3.267211384028694e-07,Italy,ITA,,,,Linux-6.1.53-1-MANJARO-x86_64-with-glibc2.38,3.11.5,2.3.0,8,Intel(R) Core(TM) i5-8365U CPU @ 1.60GHz,,,,,15.436912536621094,machine,N,1.0
2023-10-04T16:14:38,codecarbon,8ebc3b49-9212-4ee4-b610-7911c95ffaf9,0.0256297588348388,1.1604173641199417e-07,4.52761717969258e-06,42.5,0.0,5.78884220123291,3.004906906021966e-07,0,4.001335703947008e-08,3.4050404764166666e-07,Italy,ITA,,,,Linux-6.1.53-1-MANJARO-x86_64-with-glibc2.38,3.11.5,2.3.0,8,Intel(R) Core(TM) i5-8365U CPU @ 1.60GHz,,,,,15.436912536621094,machine,N,1.0
2023-10-04T16:14:40,codecarbon,4948527f-fcb3-4c36-8384-e95663d582c0,0.0238549709320068,1.0765281471053997e-07,4.512804271167623e-06,42.5,0.0,5.78884220123291,2.78972585995992e-07,0,3.691564768928402e-08,3.15888233685276e-07,Italy,ITA,,,,Linux-6.1.53-1-MANJARO-x86_64-with-glibc2.38,3.11.5,2.3.0,8,Intel(R) Core(TM) i5-8365U CPU @ 1.60GHz,,,,,15.436912536621094,machine,N,1.0
2023-10-04T16:14:42,codecarbon,a3b3c906-efd9-4c4a-885b-022fc2ee1fef,0.0248706340789794,1.1264470194661465e-07,4.5292251733067465e-06,42.5,0.0,5.78884220123291,2.9153443045086335e-07,0,3.9001617562348656e-08,3.30536048013212e-07,Italy,ITA,,,,Linux-6.1.53-1-MANJARO-x86_64-with-glibc2.38,3.11.5,2.3.0,8,Intel(R) Core(TM) i5-8365U CPU @ 1.60GHz,,,,,15.436912536621094,machine,N,1.0
2023-10-04T16:14:45,codecarbon,53eb95c6-87ee-437b-856e-deffb546c618,0.0276048183441162,1.249620662862942e-07,4.526820815429456e-06,42.5,0.0,5.78884220123291,3.235681189431085e-07,0,4.311106638965612e-08,3.666791853327645e-07,Italy,ITA,,,,Linux-6.1.53-1-MANJARO-x86_64-with-glibc2.38,3.11.5,2.3.0,8,Intel(R) Core(TM) i5-8365U CPU @ 1.60GHz,,,,,15.436912536621094,machine,N,1.0
2023-10-04T16:14:46,codecarbon,39882200-ec6c-4c73-9d3a-3a83dcbc56a0,0.02455735206604,1.1103852300101821e-07,4.521599995895794e-06,42.5,0.0,5.78884220123291,2.87585457166036e-07,0,3.82375414812941e-08,3.258229986473301e-07,Italy,ITA,,,,Linux-6.1.53-1-MANJARO-x86_64-with-glibc2.38,3.11.5,2.3.0,8,Intel(R) Core(TM) i5-8365U CPU @ 1.60GHz,,,,,15.436912536621094,machine,N,1.0
2023-10-04T16:14:49,codecarbon,b5de46b5-f372-4600-b6af-e674811dc759,0.0237166881561279,1.0715057971778944e-07,4.5179402373726375e-06,42.5,0.0,5.78884220123291,2.776215473810832e-07,0,3.6792966130860806e-08,3.14414513511944e-07,Italy,ITA,,,,Linux-6.1.53-1-MANJARO-x86_64-with-glibc2.38,3.11.5,2.3.0,8,Intel(R) Core(TM) i5-8365U CPU @ 1.60GHz,,,,,15.436912536621094,machine,N,1.0
2023-10-04T16:14:51,codecarbon,9c427d3d-6ad6-4a34-a880-d067822b6c7a,0.0264995098114013,1.1981156231093162e-07,4.521274663706531e-06,42.5,0.0,5.78884220123291,3.104377124044631e-07,0,4.112822570164098e-08,3.515659381061041e-07,Italy,ITA,,,,Linux-6.1.53-1-MANJARO-x86_64-with-glibc2.38,3.11.5,2.3.0,8,Intel(R) Core(TM) i5-8365U CPU @ 1.60GHz,,,,,15.436912536621094,machine,N,1.0
2023-10-04T16:14:53,codecarbon,6047c382-8d21-4533-b485-545c7e230fdc,0.0239899158477783,1.0832803373055812e-07,4.515565390805248e-06,42.5,0.0,5.78884220123291,2.807683414883084e-07,0,3.710120354639912e-08,3.178695450347075e-07,Italy,ITA,,,,Linux-6.1.53-1-MANJARO-x86_64-with-glibc2.38,3.11.5,2.3.0,8,Intel(R) Core(TM) i5-8365U CPU @ 1.60GHz,,,,,15.436912536621094,machine,N,1.0
2023-10-04T16:14:55,codecarbon,404ba2ca-830c-4e5f-ac7b-abd3799eb200,0.0279207229614257,1.2662593240044425e-07,4.535195330557373e-06,42.5,0.0,5.78884220123291,3.276944160461426e-07,0,4.3867091493439153e-08,3.715615075395818e-07,Italy,ITA,,,,Linux-6.1.53-1-MANJARO-x86_64-with-glibc2.38,3.11.5,2.3.0,8,Intel(R) Core(TM) i5-8365U CPU @ 1.60GHz,,,,,15.436912536621094,machine,N,1.0
2023-10-04T16:14:58,codecarbon,a534d84c-681e-4a87-a387-b7f0219d78ba,0.026630163192749,1.2027583357632872e-07,4.5165263429207205e-06,42.5,0.0,5.78884220123291,3.117099404335022e-07,0,4.121831997110803e-08,3.529282604046103e-07,Italy,ITA,,,,Linux-6.1.53-1-MANJARO-x86_64-with-glibc2.38,3.11.5,2.3.0,8,Intel(R) Core(TM) i5-8365U CPU @ 1.60GHz,,,,,15.436912536621094,machine,N,1.0
2023-10-04T16:14:59,codecarbon,b8619f64-637a-4182-a4ec-d8af120ba631,0.0236485004425048,1.0690405283266592e-07,4.520542564319248e-06,42.5,0.0,5.78884220123291,2.771036492453681e-07,0,3.6587474520501926e-08,3.136911237658701e-07,Italy,ITA,,,,Linux-6.1.53-1-MANJARO-x86_64-with-glibc2.38,3.11.5,2.3.0,8,Intel(R) Core(TM) i5-8365U CPU @ 1.60GHz,,,,,15.436912536621094,machine,N,1.0
2023-10-04T16:15:02,codecarbon,006769d1-bdf3-419b-a7bc-615939885d3c,0.0237996578216552,1.0767537509370813e-07,4.524240470202662e-06,42.5,0.0,5.78884220123291,2.788628141085307e-07,0,3.7091619049647314e-08,3.15954433158178e-07,Italy,ITA,,,,Linux-6.1.53-1-MANJARO-x86_64-with-glibc2.38,3.11.5,2.3.0,8,Intel(R) Core(TM) i5-8365U CPU @ 1.60GHz,,,,,15.436912536621094,machine,N,1.0
2023-10-04T16:15:04,codecarbon,ddc7398d-bdb4-4e7d-8bd6-c3a6257b892a,0.0262708663940429,1.1920527255457097e-07,4.537546298115287e-06,42.5,0.0,5.78884220123291,3.084984090593126e-07,0,4.1288478487331306e-08,3.49786887546644e-07,Italy,ITA,,,,Linux-6.1.53-1-MANJARO-x86_64-with-glibc2.38,3.11.5,2.3.0,8,Intel(R) Core(TM) i5-8365U CPU @ 1.60GHz,,,,,15.436912536621094,machine,N,1.0
2023-10-04T16:15:06,codecarbon,5f462351-61d9-4cdb-9bc6-1a9a2d06042b,0.0267982482910156,1.205550902641347e-07,4.498618303516202e-06,42.5,0.0,5.78884220123291,3.1385471423467e-07,0,3.9892975760267293e-08,3.537476899949373e-07,Italy,ITA,,,,Linux-6.1.53-1-MANJARO-x86_64-with-glibc2.38,3.11.5,2.3.0,8,Intel(R) Core(TM) i5-8365U CPU @ 1.60GHz,,,,,15.436912536621094,machine,N,1.0
2023-10-04T16:15:08,codecarbon,a9d5a54a-c313-4a8f-8fff-a3163c8996ca,0.0237345695495605,1.0731171431320149e-07,4.521325490614949e-06,42.5,0.0,5.78884220123291,2.779452337159051e-07,0,3.694210090031902e-08,3.148873346162241e-07,Italy,ITA,,,,Linux-6.1.53-1-MANJARO-x86_64-with-glibc2.38,3.11.5,2.3.0,8,Intel(R) Core(TM) i5-8365U CPU @ 1.60GHz,,,,,15.436912536621094,machine,N,1.0
2023-10-04T16:15:11,codecarbon,454b0711-9825-4a2c-a4a8-f31044baa336,0.0239334106445312,1.0818591020954345e-07,4.520288053230883e-06,42.5,0.0,5.78884220123291,2.803911765416464e-07,0,3.706133203991158e-08,3.174525085815579e-07,Italy,ITA,,,,Linux-6.1.53-1-MANJARO-x86_64-with-glibc2.38,3.11.5,2.3.0,8,Intel(R) Core(TM) i5-8365U CPU @ 1.60GHz,,,,,15.436912536621094,machine,N,1.0
2023-10-04T16:15:13,codecarbon,80b831ca-5847-4a42-a2fc-dc1721dabc61,0.0243098735809326,1.0973432190247892e-07,4.513981594233741e-06,42.5,0.0,5.78884220123291,2.844048870934381e-07,0,3.7591163020351824e-08,3.219960501137899e-07,Italy,ITA,,,,Linux-6.1.53-1-MANJARO-x86_64-with-glibc2.38,3.11.5,2.3.0,8,Intel(R) Core(TM) i5-8365U CPU @ 1.60GHz,,,,,15.436912536621094,machine,N,1.0
2023-10-04T16:15:15,codecarbon,f10fcc51-9ca2-4cef-aed2-cf6ead0417e7,0.0235533714294433,1.0659553966707517e-07,4.525701978011662e-06,42.5,0.0,5.78884220123291,2.7610444360309176e-07,0,3.66814025886697e-08,3.127858461917615e-07,Italy,ITA,,,,Linux-6.1.53-1-MANJARO-x86_64-with-glibc2.38,3.11.5,2.3.0,8,Intel(R) Core(TM) i5-8365U CPU @ 1.60GHz,,,,,15.436912536621094,machine,N,1.0
2023-10-04T16:15:17,codecarbon,3782ae3c-5c8d-4937-9538-fb39a3b2b190,0.0250828266143798,1.1340699797678809e-07,4.521300558357818e-06,42.5,0.0,5.78884220123291,2.937129802174039e-07,0,3.9059891302599684e-08,3.327728715200036e-07,Italy,ITA,,,,Linux-6.1.53-1-MANJARO-x86_64-with-glibc2.38,3.11.5,2.3.0,8,Intel(R) Core(TM) i5-8365U CPU @ 1.60GHz,,,,,15.436912536621094,machine,N,1.0
2023-10-04T16:16:02,codecarbon,c3305a24-f947-4869-aecf-03bdee7b33de,97.58033061027528,0.0004460551849498,4.57115877923583e-06,42.5,0.0,5.78884220123291,0.0011519709363579,0,0.0001568994808145,0.0013088704171725,Italy,ITA,,,,Linux-6.1.53-1-MANJARO-x86_64-with-glibc2.38,3.11.5,2.3.0,8,Intel(R) Core(TM) i5-8365U CPU @ 1.60GHz,,,,,15.436912536621094,machine,N,1.0
2023-10-04T16:16:02,codecarbon,0efee2aa-cb4d-4d74-bbb0-006f8cde20e8,99.09301042556764,0.0004529500341746,4.570958458415988e-06,42.5,0.0,5.78884220123291,0.0011698189867867,0,0.0001592831516741,0.0013291021384609,Italy,ITA,,,,Linux-6.1.53-1-MANJARO-x86_64-with-glibc2.38,3.11.5,2.3.0,8,Intel(R) Core(TM) i5-8365U CPU @ 1.60GHz,,,,,15.436912536621094,machine,N,1.0
2023-10-04T16:16:21,codecarbon,1125ffa4-b671-45f7-baee-8ba12de72b41,3.690072059631348,1.6864311361923836e-05,4.5701848336286e-06,42.5,0.0,5.78884220123291,4.3555345800187854e-05,0,5.930007116600109e-06,4.948535291678796e-05,Italy,ITA,,,,Linux-6.1.53-1-MANJARO-x86_64-with-glibc2.38,3.11.5,2.3.0,8,Intel(R) Core(TM) i5-8365U CPU @ 1.60GHz,,,,,15.436912536621094,machine,N,1.0
2023-10-04T16:16:43,codecarbon,4e6aff2c-d46c-451d-8549-93ccb2d7d5e6,27.103901863098145,0.0001238966490482,4.571173909722858e-06,42.5,0.0,5.78884220123291,0.0003199722874495,0,4.358061855312485e-05,0.0003635529060026,Italy,ITA,,,,Linux-6.1.53-1-MANJARO-x86_64-with-glibc2.38,3.11.5,2.3.0,8,Intel(R) Core(TM) i5-8365U CPU @ 1.60GHz,,,,,15.436912536621094,machine,N,1.0
2023-10-04T16:18:54,codecarbon,ff12fbab-6afc-4b61-b094-8c34e583d28c,24.90265989303589,0.000113815423606,4.570412321210983e-06,42.5,0.0,5.78884220123291,0.0002939855747752,0,3.998574985502614e-05,0.0003339713246302,Italy,ITA,,,,Linux-6.1.53-1-MANJARO-x86_64-with-glibc2.38,3.11.5,2.3.0,8,Intel(R) Core(TM) i5-8365U CPU @ 1.60GHz,,,,,15.436912536621094,machine,N,1.0
2023-10-04T16:30:48,codecarbon,d542e0a6-9fd8-4372-9881-39c15d438492,24.593950748443604,0.0001124222934865,4.571135993418198e-06,42.5,0.0,5.78884220123291,0.0002903397829996,0,3.9543646540115e-05,0.0003298834295397,Italy,ITA,,,,Linux-6.1.53-1-MANJARO-x86_64-with-glibc2.38,3.11.5,2.3.0,8,Intel(R) Core(TM) i5-8365U CPU @ 1.60GHz,,,,,15.436912536621094,machine,N,1.0
2023-10-05T10:37:03,codecarbon,bc3be15d-97a7-4e17-a50e-8cfa6e0ab2dc,23.02578401565552,0.0001052544498813,4.571155961935104e-06,42.5,0.0,5.78884220123291,0.0002718278856741,0,3.702276862554072e-05,0.0003088506542996,Italy,ITA,,,,Linux-6.1.55-1-MANJARO-x86_64-with-glibc2.38,3.11.5,2.3.0,8,Intel(R) Core(TM) i5-8365U CPU @ 1.60GHz,,,,,15.436912536621094,machine,N,1.0
2023-10-05T16:25:11,codecarbon,c075beea-aac5-45d1-8fbe-73e12d9f977d,9.80761981010437,4.483239585237573e-05,4.5711800335272825e-06,42.5,0.0,5.78884220123291,0.0001157830044627,0,1.576976892054404e-05,0.0001315527733832,Italy,ITA,,,,Linux-6.1.55-1-MANJARO-x86_64-with-glibc2.38,3.11.5,2.3.0,8,Intel(R) Core(TM) i5-8365U CPU @ 1.60GHz,,,,,15.436912536621094,machine,N,1.0
2023-10-05T16:54:41,codecarbon,acba8f7a-928a-4087-b5f9-099e9a7f6f96,9.702309608459473,4.435100934672787e-05,4.571180588594915e-06,42.5,0.0,5.78884220123291,0.00011453974495331446,0,1.560048447187455e-05,0.00013014022942518902,Italy,ITA,,,,Linux-6.1.55-1-MANJARO-x86_64-with-glibc2.38,3.11.5,2.3.0,8,Intel(R) Core(TM) i5-8365U CPU @ 1.60GHz,,,,,15.436912536621094,machine,N,1.0
